{
    "postReply": {
        "schema": {
            "method": "POST",
            "host": "<%= iparam.host %>",
            "path": "/api/v2/tickets/<%= context.ticketId %>/reply",
            "headers": {
                "Authorization": "basic <%= iparam.apiKey %>",
                "Content-Type": "<%= context.contentType %>"
            }
        }
    },
    "viewTicketIncludeRelated": {
        "schema": {
            "method": "GET",
            "host": "<%= iparam.host %>",
            "path": "/api/v2/tickets/<%= context.ticketId %>?include=related_tickets",
            "headers": {
                "Authorization": "basic <%= iparam.apiKey %>",
                "Content-Type": "application/json"
            }
        }
    },
    "downloadAttachment": {
        "schema": {
            "method": "GET",
            "host": "<%= iparam.host %>",
            "path": "/api/v2/attachments/<%= context.attachmentId %>",
            "headers": {
                "Authorization": "basic <%= iparam.apiKey %>",
                "Content-Type": "application/pdf"
            }
        }
    }
}